{
  "random-note": [
    {
      "modifiers": [
        "Mod"
      ],
      "key": "M"
    }
  ],
  "insert-current-date": [
    {
      "modifiers": [
        "Ctrl"
      ],
      "key": "D"
    }
  ],
  "daily-notes": [
    {
      "modifiers": [
        "Mod"
      ],
      "key": "R"
    }
  ],
  "daily-notes:goto-next": [],
  "theme:use-light": [
    {
      "modifiers": [
        "Shift"
      ],
      "key": "Z"
    }
  ],
  "editor:toggle-blockquote": [],
  "theme:use-dark": [
    {
      "modifiers": [
        "Shift"
      ],
      "key": "X"
    }
  ],
  "insert-current-time": [
    {
      "modifiers": [
        "Ctrl"
      ],
      "key": "T"
    }
  ],
  "workspace:undo-close-pane": [],
  "editor:toggle-highlight": [
    {
      "modifiers": [
        "Mod"
      ],
      "key": "U"
    }
  ],
  "editor:insert-link": [],
  "starred:star-current-file": [
    {
      "modifiers": [
        "Ctrl"
      ],
      "key": "8"
    }
  ],
  "insert-template": [
    {
      "modifiers": [
        "Mod"
      ],
      "key": "T"
    }
  ],
  "quickadd:choice:ff6c2dcb-2b37-4097-9de0-37e66f3eec0c": [
    {
      "modifiers": [
        "Mod"
      ],
      "key": "I"
    }
  ],
  "quickadd:choice:8b8cd732-c14f-4406-940c-ad88d43dba4e": [
    {
      "modifiers": [
        "Mod"
      ],
      "key": "I"
    }
  ],
  "quickadd:choice:4d0257de-84cf-4e37-ad50-5e31a3b06fd2": [
    {
      "modifiers": [
        "Mod"
      ],
      "key": "L"
    }
  ],
  "quickadd:choice:b8884869-639d-42a2-b001-4cd23f182135": [
    {
      "modifiers": [
        "Ctrl"
      ],
      "key": "W"
    }
  ],
  "quickadd:choice:84aa91be-f5a9-43cb-bc36-d0cd2b9042cf": [
    {
      "modifiers": [
        "Mod"
      ],
      "key": "I"
    }
  ],
  "workspaces:save-and-load": [],
  "editor:toggle-italics": [],
  "workspaces-plus:工作": [
    {
      "modifiers": [
        "Ctrl",
        "Shift"
      ],
      "key": "Z"
    }
  ],
  "workspaces-plus:极简": [
    {
      "modifiers": [
        "Ctrl",
        "Shift"
      ],
      "key": "X"
    }
  ],
  "workspaces-plus:主页": [
    {
      "modifiers": [
        "Ctrl",
        "Shift"
      ],
      "key": "C"
    }
  ],
  "obsidian-excalidraw-plugin:convert-excalidraw": [
    {
      "modifiers": [
        "Ctrl",
        "Shift"
      ],
      "key": "D"
    }
  ],
  "obsidian-excalidraw-plugin:excalidraw-autocreate": [
    {
      "modifiers": [
        "Ctrl"
      ],
      "key": "E"
    }
  ],
  "file-recovery:open": [
    {
      "modifiers": [
        "Mod",
        "Shift"
      ],
      "key": "K"
    }
  ],
  "file-explorer:new-file": [],
  "quickadd:choice:32d9121e-6cf8-4153-8a13-a78bfca3d9b2": [
    {
      "modifiers": [
        "Mod"
      ],
      "key": "N"
    }
  ],
  "app:toggle-left-sidebar": [
    {
      "modifiers": [
        "Shift"
      ],
      "key": "C"
    }
  ],
  "workspace:toggle-pin": [
    {
      "modifiers": [
        "Mod"
      ],
      "key": "L"
    }
  ],
  "templater-obsidian:Templater/TP-Vika.md": [
    {
      "modifiers": [
        "Mod"
      ],
      "key": "1"
    }
  ],
  "workspaces:load": [
    {
      "modifiers": [
        "Mod"
      ],
      "key": "["
    }
  ],
  "markdown-prettifier:markdown-prettifier-run": [
    {
      "modifiers": [
        "Mod"
      ],
      "key": "."
    }
  ],
  "templater-obsidian:Templater/Scripts/TP-Vika.md": [
    {
      "modifiers": [
        "Mod"
      ],
      "key": "1"
    }
  ],
  "templater-obsidian:Templater/00归档模版.md": [
    {
      "modifiers": [
        "Mod"
      ],
      "key": "3"
    }
  ],
  "metaedit:metaEditRun": [
    {
      "modifiers": [
        "Mod"
      ],
      "key": "Y"
    }
  ],
  "file-explorer:open": [
    {
      "modifiers": [
        "Ctrl"
      ],
      "key": "L"
    }
  ],
  "app:delete-file": [
    {
      "modifiers": [
        "Mod"
      ],
      "key": "Delete"
    }
  ],
  "file-explorer:move-file": [
    {
      "modifiers": [
        "Mod"
      ],
      "key": "2"
    }
  ],
  "quick-explorer:browse-vault": [],
  "quick-explorer:browse-current": [],
  "obsidian-memos:focus-on-memos-editor": [
    {
      "modifiers": [
        "Ctrl"
      ],
      "key": "M"
    }
  ],
  "app:go-forward": [
    {
      "modifiers": [
        "Mod"
      ],
      "key": "ArrowRight"
    }
  ],
  "app:go-back": [
    {
      "modifiers": [
        "Mod"
      ],
      "key": "ArrowLeft"
    }
  ],
  "quickadd:choice:65fb2f8d-668f-4de6-bd88-c7dce23d97f7": [
    {
      "modifiers": [
        "Ctrl"
      ],
      "key": "A"
    }
  ],
  "templater-obsidian:help/Templater/TP-Vika.md": [
    {
      "modifiers": [
        "Mod"
      ],
      "key": "1"
    }
  ],
  "obsidian-excalidraw-plugin:insert-link-to-element": [],
  "graph:open-local": [
    {
      "modifiers": [
        "Mod"
      ],
      "key": "H"
    }
  ],
  "app:toggle-right-sidebar": [
    {
      "modifiers": [
        "Shift"
      ],
      "key": "V"
    }
  ]
}