{
  "items": [
    {
      "type": "file",
      "title": "分类",
      "path": "分类.md"
    },
    {
      "type": "file",
      "title": "20220207-0034-写作整理术",
      "path": "C-永久笔记/202202070034-音匀的写作整理术.md"
    },
    {
      "type": "file",
      "title": "《被讨厌的勇气》 1",
      "path": "草稿箱/markmind功能体验.md"
    },
    {
      "type": "file",
      "title": "K837.126.16=6-《只是为了好玩》",
      "path": "B-文献笔记/K837.126.16=6-《只是为了好玩》.md"
    },
    {
      "type": "file",
      "title": "Q939-49-《我包罗万象》",
      "path": "B-文献笔记/Q939-49-《我包罗万象》.md"
    },
    {
      "type": "file",
      "title": "信息",
      "path": "C-永久笔记/202202141658-信息.md"
    },
    {
      "type": "file",
      "title": "B821-49-《终有一天你会懂》",
      "path": "B-文献笔记/B821-49-《终有一天你会懂》.md"
    },
    {
      "type": "file",
      "title": "202202122219-知识管理",
      "path": "C-永久笔记/202202122219-知识管理.md"
    },
    {
      "type": "file",
      "title": "202202070940-信息",
      "path": "B-永久笔记/202202070940-信息.md"
    },
    {
      "type": "file",
      "title": "202202242101-做笔记、学习、认知升级",
      "path": "G-发布归档/朽木新枝/048-认知升级.md"
    },
    {
      "type": "file",
      "title": "向外看，在行动中寻找自由-认知升级",
      "path": "F-编辑校对/向外看，在行动中寻找自由-认知升级.md"
    },
    {
      "type": "search",
      "title": "tag:#思考方法",
      "query": "tag:#思考方法"
    },
    {
      "type": "file",
      "title": "H052-《卡片笔记写作法：如何实现从阅读到写作》",
      "path": "B-文献笔记/H052-《卡片笔记写作法：如何实现从阅读到写作》.md"
    },
    {
      "type": "file",
      "title": "202203011522-谈谈Obsidian 的道",
      "path": "C-永久笔记/【049】当我们记笔记时，究竟在记什么？.md"
    },
    {
      "type": "file",
      "title": "202203022114-我的洞穴时刻",
      "path": "C-永久笔记/202203022114-我的洞穴时刻.md"
    },
    {
      "type": "file",
      "title": "G252.17-阅读的力量",
      "path": "B-文献笔记/G252.17-阅读的力量-.md"
    }
  ]
}