{
  "main": {
    "id": "e22778a80082e052",
    "type": "split",
    "children": [
      {
        "id": "74429041f05b86b4",
        "type": "tabs",
        "children": [
          {
            "id": "b4449e8940ec4b5c",
            "type": "leaf",
            "state": {
              "type": "markdown",
              "state": {
                "file": "home.md",
                "mode": "preview",
                "backlinks": false,
                "source": true
              }
            }
          }
        ]
      }
    ],
    "direction": "vertical"
  },
  "left": {
    "id": "cde6247677876e1c",
    "type": "split",
    "children": [
      {
        "id": "b13413c61b156f22",
        "type": "tabs",
        "children": [
          {
            "id": "be6940af27691776",
            "type": "leaf",
            "state": {
              "type": "file-explorer",
              "state": {
                "sortOrder": "alphabetical"
              }
            }
          },
          {
            "id": "9d23525afc1b6453",
            "type": "leaf",
            "state": {
              "type": "memos_view",
              "state": {}
            }
          },
          {
            "id": "0b5825a794826b48",
            "type": "leaf",
            "state": {
              "type": "search",
              "state": {
                "query": "文章",
                "matchingCase": false,
                "explainSearch": true,
                "collapseAll": true,
                "extraContext": false,
                "sortOrder": "alphabetical"
              }
            }
          },
          {
            "id": "2632b557f345ef18",
            "type": "leaf",
            "state": {
              "type": "starred",
              "state": {}
            }
          }
        ],
        "currentTab": 1
      }
    ],
    "direction": "horizontal",
    "width": 369.5
  },
  "right": {
    "id": "84abb2e5887ac061",
    "type": "split",
    "children": [
      {
        "id": "2b4522b55c9734e7",
        "type": "tabs",
        "children": [
          {
            "id": "d9caeb97bf0c9386",
            "type": "leaf",
            "state": {
              "type": "recent-files",
              "state": {}
            }
          },
          {
            "id": "afa1a8417f28ee7a",
            "type": "leaf",
            "state": {
              "type": "outline",
              "state": {
                "file": "home.md"
              }
            }
          },
          {
            "id": "51dac591eaa893f5",
            "type": "leaf",
            "state": {
              "type": "tag",
              "state": {
                "sortOrder": "frequency",
                "useHierarchy": false
              }
            }
          },
          {
            "id": "e1823cec110a9112",
            "type": "leaf",
            "state": {
              "type": "outgoing-link",
              "state": {
                "file": "home.md",
                "linksCollapsed": true,
                "unlinkedCollapsed": false
              }
            }
          },
          {
            "id": "f3ff5e46a9300bbf",
            "type": "leaf",
            "state": {
              "type": "backlink",
              "state": {
                "file": "home.md",
                "collapseAll": false,
                "extraContext": false,
                "sortOrder": "alphabetical",
                "showSearch": false,
                "searchQuery": "",
                "backlinkCollapsed": false,
                "unlinkedCollapsed": false
              }
            }
          }
        ]
      }
    ],
    "direction": "horizontal",
    "width": 302.0595397949219
  },
  "left-ribbon": {
    "hiddenItems": {
      "switcher:打开快速切换": true,
      "graph:查看关系图谱": true,
      "canvas:新建白板": true,
      "daily-notes:打开/创建今天的日记": true,
      "templates:插入模板": true,
      "command-palette:打开命令面板": true,
      "random-note:开始漫游笔记": true,
      "workspaces:管理工作区布局": true,
      "templater-obsidian:Templater": true,
      "obsidian-excalidraw-plugin:新建 Excalidraw 绘图": false,
      "obsidian-custom-frames:Open 微信读书": false,
      "obsidian-weread-plugin:Weread": false,
      "obsidian-memos:Memos": true
    }
  },
  "active": "b4449e8940ec4b5c",
  "lastOpenFiles": [
    "readme-说明.md",
    "D-落叶寻枝/index/iframe/每日一文.md",
    "home.md",
    "1-日记/20230330.md",
    "G-发布归档/启发日记/启发日记测试文件 1.md",
    "home-phone.md",
    "B-文献笔记/何来何往.md",
    "D-落叶寻枝/chartview/chart view-all.md",
    "G-发布归档/朽木新枝/归档文件 1 1.md",
    "G-发布归档/朽木新枝/归档文件 1.md",
    "G-发布归档/朽木新枝/归档文件.md",
    "G-发布归档/启发日记/启发日记测试文件.md",
    "0-附件素材/截屏2023-03-30 21.20.44.png",
    "D-落叶寻枝/index/index-D.md",
    "1-日记/20220401.md",
    "1-日记/20220312.md",
    "1-日记/20220318.md",
    "B-文献笔记/如何阅读一本书.md",
    "B-文献笔记/论知识产权法的体系化.md",
    "D-落叶寻枝/index/iframe/在线流程图.md",
    "B-文献笔记/电影/玩具总动员4 Toy Story 4.md"
  ]
}